{"duration": 47.15434288978577, "input_args": {}, "time": 1728406057.6400652}